ProductName,Category,Brand,UnitPrice
Ski Poles,Home & Furniture,FakeZenithStyle,562
Projector,Arts & Crafts,FakeEtherealEdge,843
Bicycle,Electronics,FakeEtherealEdge,202
Outdoor Umbrella,Electronics,FakeZenithStyle,271
Laser Printer,Electronics,FakeEtherealEdge,720
Soccer Ball,Outdoor & Garden,FakeZenithStyle,164
Telescope,Kitchen & Dining,FakeUrbanGlow,119
Dart Board,Home & Furniture,FakeVelvetVista,430
Coffee Maker,Kitchen & Dining,FakeEtherealEdge,432
Smartwatch,Toys & Games,FakeVelvetVista,840
Puzzle,Toys & Games,FakeEtherealEdge,885
Glasses,Electronics,FakeVelvetVista,147
Tent,Electronics,FakeZenithStyle,316
Smartwatch,Electronics,FakeEtherealEdge,172
Helmet,Sports & Recreation,FakeLuxeAura,214
Garden Hose,Home Appliances,FakeEtherealEdge,346
Backpack,Health & Fitness,FakeLuxeAura,918
Craft Kit,Toys & Games,FakeLuxeAura,648
Lamp,Kitchen & Dining,FakeUrbanGlow,654
Puzzle,Arts & Crafts,FakeZenithStyle,491
Dumbbells,Pets,FakeLuxeAura,554
Dumbbells,Pets,FakeZenithStyle,502
Cooler,Home Appliances,FakeZenithStyle,550
Rain Jacket,Arts & Crafts,FakeZenithStyle,708
Backpacking Stove,Home & Furniture,FakeVelvetVista,885
Water Bottle,Sports & Recreation,FakeLuxeAura,854
Supplement,Arts & Crafts,FakeEtherealEdge,799
Pet Feeder,Arts & Crafts,FakeEtherealEdge,753
Lawn Mower,Home & Furniture,FakeLuxeAura,555
Sleeping Bag,Home Appliances,FakeEtherealEdge,963
Backpack,Home & Furniture,FakeEtherealEdge,413
Elliptical,Home & Furniture,FakeUrbanGlow,681
Soap,Electronics,FakeEtherealEdge,297
Microwave,Home & Furniture,FakeEtherealEdge,477
Art Supplies,Health & Fitness,FakeVelvetVista,288
Electric Kettle,Pets,FakeEtherealEdge,395
Portable Charger,Kitchen & Dining,FakeEtherealEdge,575
Electric Shaver,Toys & Games,FakeEtherealEdge,453
Tent,Electronics,FakeEtherealEdge,524
Doll,Electronics,FakeUrbanGlow,457
Pet Feeder,Arts & Crafts,FakeZenithStyle,736
Refrigerator,Home Appliances,FakeLuxeAura,512
Puzzle,Health & Fitness,FakeEtherealEdge,545
3D Printer,Kitchen & Dining,FakeEtherealEdge,258
Supplement,Sports & Recreation,FakeEtherealEdge,186
Coffee Maker,Outdoor & Garden,FakeLuxeAura,255
Air Conditioner,Sports & Recreation,FakeUrbanGlow,868
Smart Light,Kitchen & Dining,FakeZenithStyle,677
Flashlight,Sports & Recreation,FakeEtherealEdge,113
Snow Shovel,Toys & Games,FakeLuxeAura,615
External SSD,Kitchen & Dining,FakeVelvetVista,141
Humidifier,Arts & Crafts,FakeUrbanGlow,160
Snow Shovel,Arts & Crafts,FakeUrbanGlow,279
Laser Printer,Electronics,FakeLuxeAura,763
Electric Scooter,Home Appliances,FakeVelvetVista,806
Lawn Mower,Arts & Crafts,FakeLuxeAura,399
Building Blocks,Arts & Crafts,FakeEtherealEdge,603
Bird Cage,Kitchen & Dining,FakeLuxeAura,594
Hair Dryer,Arts & Crafts,FakeEtherealEdge,314
Badminton Set,Electronics,FakeEtherealEdge,575
Humidifier,Pets,FakeZenithStyle,978
Home Security Camera,Pets,FakeUrbanGlow,502
Electric Car,Pets,FakeUrbanGlow,658
Blender,Health & Fitness,FakeZenithStyle,922
Doll,Toys & Games,FakeVelvetVista,389
Sled,Arts & Crafts,FakeLuxeAura,207
Home Security Camera,Kitchen & Dining,FakeLuxeAura,522
Laser Printer,Kitchen & Dining,FakeZenithStyle,892
Surfboard,Sports & Recreation,FakeUrbanGlow,225
Outdoor Umbrella,Toys & Games,FakeVelvetVista,934
Camping Chair,Health & Fitness,FakeLuxeAura,531
Microwave,Sports & Recreation,FakeUrbanGlow,766
Home Security Camera,Outdoor & Garden,FakeUrbanGlow,132
Electric Car,Kitchen & Dining,FakeEtherealEdge,667
Patio Furniture,Pets,FakeUrbanGlow,769
Monitor,Pets,FakeVelvetVista,676
Camera,Home & Furniture,FakeLuxeAura,197
Home Security Camera,Sports & Recreation,FakeEtherealEdge,151
Washing Machine,Pets,FakeUrbanGlow,686
Sewing Machine,Toys & Games,FakeZenithStyle,617
Washing Machine,Sports & Recreation,FakeUrbanGlow,734
Tackle Box,Kitchen & Dining,FakeVelvetVista,386
Dumbbells,Pets,FakeLuxeAura,261
Tablet,Home & Furniture,FakeZenithStyle,402
Portable Charger,Kitchen & Dining,FakeUrbanGlow,978
Treadmill,Toys & Games,FakeEtherealEdge,194
Trekking Poles,Home & Furniture,FakeLuxeAura,178
Tent,Sports & Recreation,FakeLuxeAura,895
Yoga Mat,Sports & Recreation,FakeEtherealEdge,927
Lawn Sprinkler,Electronics,FakeVelvetVista,204
Smartphone,Sports & Recreation,FakeEtherealEdge,849
Robot Vacuum,Health & Fitness,FakeVelvetVista,306
Soap,Pets,FakeUrbanGlow,706
Toothpaste,Home Appliances,FakeZenithStyle,469
Binoculars,Toys & Games,FakeUrbanGlow,645
Hair Dryer,Pets,FakeUrbanGlow,686
Backpack,Outdoor & Garden,FakeLuxeAura,404
Elliptical,Home Appliances,FakeLuxeAura,665
Pillow,Toys & Games,FakeEtherealEdge,570
Antivirus,Toys & Games,FakeLuxeAura,761
Golf Clubs,Electronics,FakeLuxeAura,389
Ski Poles,Sports & Recreation,FakeZenithStyle,465
Suitcase,Kitchen & Dining,FakeVelvetVista,224
Rain Jacket,Kitchen & Dining,FakeUrbanGlow,418
Smartwatch,Pets,FakeEtherealEdge,937
Laser Printer,Kitchen & Dining,FakeLuxeAura,151
Headphones,Home Appliances,FakeEtherealEdge,889
Bird Cage,Electronics,FakeEtherealEdge,330
External SSD,Kitchen & Dining,FakeUrbanGlow,369
Rain Jacket,Home Appliances,FakeVelvetVista,662
Electric Scooter,Kitchen & Dining,FakeLuxeAura,312
Microwave,Arts & Crafts,FakeVelvetVista,454
Stove,Pets,FakeEtherealEdge,881
Blender,Home Appliances,FakeUrbanGlow,814
External SSD,Sports & Recreation,FakeEtherealEdge,136
Dog House,Sports & Recreation,FakeLuxeAura,350
Speaker,Home Appliances,FakeEtherealEdge,811
Fan,Home & Furniture,FakeEtherealEdge,723
Binoculars,Pets,FakeEtherealEdge,796
Outdoor Umbrella,Home Appliances,FakeUrbanGlow,690
Dumbbells,Home Appliances,FakeUrbanGlow,724
VR Headset,Home & Furniture,FakeEtherealEdge,863
Fish Food,Pets,FakeEtherealEdge,917
Tent,Toys & Games,FakeZenithStyle,356
Air Purifier,Electronics,FakeEtherealEdge,877
Snow Shovel,Pets,FakeVelvetVista,375
Hiking Boots,Health & Fitness,FakeEtherealEdge,743
Paddleboard,Pets,FakeZenithStyle,770
Hammock,Health & Fitness,FakeEtherealEdge,738
Snowboard,Pets,FakeUrbanGlow,629
Smart Doorbell,Health & Fitness,FakeVelvetVista,984
Antivirus,Health & Fitness,FakeUrbanGlow,703
Toothpaste,Home Appliances,FakeUrbanGlow,370
Telescope,Health & Fitness,FakeEtherealEdge,422
Keyboard,Home & Furniture,FakeLuxeAura,342
Board Game,Home Appliances,FakeVelvetVista,833
Air Conditioner,Toys & Games,FakeZenithStyle,759
Smart Light,Toys & Games,FakeLuxeAura,806
Blender,Home Appliances,FakeVelvetVista,682
Life Jacket,Outdoor & Garden,FakeEtherealEdge,129
Snow Shovel,Pets,FakeUrbanGlow,219
Smartphone,Home Appliances,FakeLuxeAura,748
Basketball,Arts & Crafts,FakeZenithStyle,686
Sleeping Pad,Health & Fitness,FakeVelvetVista,151
Kayak,Health & Fitness,FakeEtherealEdge,825
Smartphone,Health & Fitness,FakeUrbanGlow,130
Cat Litter Box,Health & Fitness,FakeZenithStyle,914
Ski Goggles,Outdoor & Garden,FakeUrbanGlow,525
Mattress,Toys & Games,FakeEtherealEdge,323
Smartwatch,Outdoor & Garden,FakeLuxeAura,777
Badminton Set,Pets,FakeUrbanGlow,814
Headphones,Sports & Recreation,FakeVelvetVista,874
Tackle Box,Health & Fitness,FakeLuxeAura,801
Lamp,Kitchen & Dining,FakeLuxeAura,646
Home Security Camera,Pets,FakeLuxeAura,979
Game Console,Electronics,FakeEtherealEdge,467
Robot Vacuum,Kitchen & Dining,FakeLuxeAura,532
Thermos,Arts & Crafts,FakeVelvetVista,425
Badminton Set,Sports & Recreation,FakeEtherealEdge,430
BBQ Grill,Pets,FakeZenithStyle,412
Air Purifier,Home & Furniture,FakeEtherealEdge,515
Dog House,Kitchen & Dining,FakeZenithStyle,517
Cat Tree,Home Appliances,FakeVelvetVista,206
Electric Shaver,Pets,FakeEtherealEdge,193
Printer,Home Appliances,FakeVelvetVista,621
Fishing Rod,Toys & Games,FakeVelvetVista,311
Tennis Racket,Toys & Games,FakeZenithStyle,997
Sewing Machine,Electronics,FakeUrbanGlow,678
Fitness Tracker,Sports & Recreation,FakeLuxeAura,661
Backpacking Stove,Electronics,FakeEtherealEdge,840
Kayak,Toys & Games,FakeUrbanGlow,430
Pet Feeder,Home Appliances,FakeVelvetVista,921
Hair Dryer,Arts & Crafts,FakeEtherealEdge,512
Refrigerator,Outdoor & Garden,FakeUrbanGlow,218
Camping Tent,Electronics,FakeEtherealEdge,788
Sleeping Pad,Outdoor & Garden,FakeUrbanGlow,621
Camera,Sports & Recreation,FakeUrbanGlow,966
Tarp,Outdoor & Garden,FakeLuxeAura,112
Garden Hose,Kitchen & Dining,FakeZenithStyle,747
Keyboard,Home & Furniture,FakeUrbanGlow,253
Router,Home Appliances,FakeZenithStyle,778
Sewing Machine,Sports & Recreation,FakeLuxeAura,185
Water Filter,Health & Fitness,FakeEtherealEdge,744
Yoga Mat,Arts & Crafts,FakeEtherealEdge,416
Speaker,Toys & Games,FakeZenithStyle,587
3D Printer,Outdoor & Garden,FakeLuxeAura,873
Toothpaste,Kitchen & Dining,FakeLuxeAura,399
Backpack,Home Appliances,FakeVelvetVista,688
Sewing Machine,Home & Furniture,FakeLuxeAura,943
Electric Car,Home Appliances,FakeZenithStyle,617
Dog Collar,Pets,FakeEtherealEdge,282
Outdoor Umbrella,Home Appliances,FakeZenithStyle,885
Fish Food,Sports & Recreation,FakeVelvetVista,751
Suitcase,Home Appliances,FakeVelvetVista,766
Robot Vacuum,Home & Furniture,FakeZenithStyle,245
Grill,Arts & Crafts,FakeVelvetVista,263
Elliptical,Arts & Crafts,FakeUrbanGlow,944
Fan,Electronics,FakeVelvetVista,841
Stove,Home Appliances,FakeVelvetVista,750
Elliptical,Electronics,FakeLuxeAura,348
Fishing Rod,Home Appliances,FakeUrbanGlow,880
Camera,Toys & Games,FakeEtherealEdge,514
Pet Feeder,Toys & Games,FakeEtherealEdge,408
Camping Chair,Home & Furniture,FakeEtherealEdge,206
Earbuds,Sports & Recreation,FakeZenithStyle,242
Tablet,Home & Furniture,FakeUrbanGlow,918
Action Figure,Home Appliances,FakeZenithStyle,177
Backpack,Pets,FakeZenithStyle,873
Bird Cage,Pets,FakeVelvetVista,940
Helmet,Health & Fitness,FakeLuxeAura,691
Game Console,Health & Fitness,FakeEtherealEdge,224
BBQ Grill,Electronics,FakeLuxeAura,104
BBQ Grill,Electronics,FakeLuxeAura,840
Electric Shaver,Arts & Crafts,FakeEtherealEdge,483
Home Security Camera,Pets,FakeLuxeAura,718
Robot Vacuum,Kitchen & Dining,FakeLuxeAura,589
Speaker,Health & Fitness,FakeZenithStyle,948
Backpacking Stove,Home Appliances,FakeZenithStyle,703
Craft Kit,Home & Furniture,FakeEtherealEdge,697
Cat Litter Box,Sports & Recreation,FakeLuxeAura,320
Blender,Home Appliances,FakeZenithStyle,729
Golf Clubs,Kitchen & Dining,FakeUrbanGlow,251
Washing Machine,Home & Furniture,FakeLuxeAura,782
Snorkel Gear,Health & Fitness,FakeLuxeAura,973
Coffee Maker,Arts & Crafts,FakeEtherealEdge,723
Lamp,Arts & Crafts,FakeZenithStyle,823
Memory Card,Home & Furniture,FakeVelvetVista,193
Air Purifier,Home & Furniture,FakeEtherealEdge,528
Lamp,Home & Furniture,FakeZenithStyle,844
Tarp,Health & Fitness,FakeUrbanGlow,614
Badminton Set,Home Appliances,FakeZenithStyle,928
Blender,Outdoor & Garden,FakeEtherealEdge,581
Aquarium,Kitchen & Dining,FakeEtherealEdge,847
Grill,Sports & Recreation,FakeEtherealEdge,636
Coffee Maker,Arts & Crafts,FakeLuxeAura,143
Dehumidifier,Kitchen & Dining,FakeUrbanGlow,431
Trekking Poles,Home & Furniture,FakeLuxeAura,132
Earbuds,Outdoor & Garden,FakeEtherealEdge,265
Snorkel Gear,Kitchen & Dining,FakeUrbanGlow,753
Tackle Box,Arts & Crafts,FakeZenithStyle,403
Game Console,Kitchen & Dining,FakeUrbanGlow,407
Mattress,Outdoor & Garden,FakeEtherealEdge,576
Refrigerator,Toys & Games,FakeVelvetVista,688
Oven,Electronics,FakeLuxeAura,996
Electric Kettle,Pets,FakeVelvetVista,981
Bird Cage,Pets,FakeVelvetVista,941
Washing Machine,Home & Furniture,FakeZenithStyle,698
VR Headset,Home & Furniture,FakeZenithStyle,524
Fan,Pets,FakeEtherealEdge,651
Refrigerator,Kitchen & Dining,FakeUrbanGlow,417
Oven,Arts & Crafts,FakeLuxeAura,284
Hiking Backpack,Toys & Games,FakeVelvetVista,644
Stove,Arts & Crafts,FakeUrbanGlow,546
Fitness Tracker,Kitchen & Dining,FakeVelvetVista,759
Doll,Kitchen & Dining,FakeVelvetVista,612
Antivirus,Outdoor & Garden,FakeZenithStyle,128
Bird Feeder,Health & Fitness,FakeUrbanGlow,626
Tackle Box,Health & Fitness,FakeEtherealEdge,447
Printer,Toys & Games,FakeUrbanGlow,528
Volleyball,Kitchen & Dining,FakeVelvetVista,202
Cat Litter Box,Arts & Crafts,FakeZenithStyle,812
Bluetooth Speaker,Outdoor & Garden,FakeEtherealEdge,259
Telescope,Health & Fitness,FakeUrbanGlow,599
Pet Toy,Kitchen & Dining,FakeLuxeAura,681
Cat Tree,Health & Fitness,FakeEtherealEdge,351
Monitor,Arts & Crafts,FakeUrbanGlow,662
Refrigerator,Home Appliances,FakeLuxeAura,426
Antivirus,Electronics,FakeEtherealEdge,992
Puzzle,Outdoor & Garden,FakeUrbanGlow,321
Sheets,Health & Fitness,FakeEtherealEdge,967
Router,Sports & Recreation,FakeUrbanGlow,378
Electric Shaver,Electronics,FakeVelvetVista,852
Bird Cage,Pets,FakeVelvetVista,521
Garden Hose,Health & Fitness,FakeZenithStyle,484
Electric Toothbrush,Health & Fitness,FakeUrbanGlow,280
Cat Tree,Electronics,FakeEtherealEdge,312
Dishwasher,Pets,FakeUrbanGlow,125
Fitness Tracker,Electronics,FakeVelvetVista,111
Backpack,Toys & Games,FakeEtherealEdge,523
Toy Car,Home & Furniture,FakeLuxeAura,111
Electric Shaver,Pets,FakeLuxeAura,160
Pet Toy,Home & Furniture,FakeEtherealEdge,687
Fitness Tracker,Outdoor & Garden,FakeEtherealEdge,651
Game Console,Electronics,FakeZenithStyle,988
Headphones,Sports & Recreation,FakeVelvetVista,615
Mattress,Outdoor & Garden,FakeVelvetVista,797
Wi-Fi Extender,Electronics,FakeEtherealEdge,672
Binoculars,Electronics,FakeZenithStyle,785
Electric Kettle,Electronics,FakeUrbanGlow,901
Action Figure,Toys & Games,FakeLuxeAura,162
Snowboard,Sports & Recreation,FakeVelvetVista,121
Baseball Glove,Health & Fitness,FakeEtherealEdge,528
Badminton Set,Kitchen & Dining,FakeVelvetVista,701
Router,Electronics,FakeZenithStyle,722
Board Game,Electronics,FakeZenithStyle,105
Electric Kettle,Health & Fitness,FakeUrbanGlow,310
Life Jacket,Sports & Recreation,FakeUrbanGlow,650
Blender,Arts & Crafts,FakeUrbanGlow,335
Dog House,Electronics,FakeUrbanGlow,613
Patio Furniture,Outdoor & Garden,FakeUrbanGlow,681
Surfboard,Toys & Games,FakeUrbanGlow,176
Board Game,Home & Furniture,FakeUrbanGlow,437
Art Supplies,Kitchen & Dining,FakeVelvetVista,335
Board Game,Arts & Crafts,FakeZenithStyle,780
Projector,Arts & Crafts,FakeLuxeAura,190
Baseball Glove,Home & Furniture,FakeZenithStyle,943
Bluetooth Speaker,Kitchen & Dining,FakeZenithStyle,853
Hammock,Home Appliances,FakeUrbanGlow,954
Headphones,Home Appliances,FakeUrbanGlow,825
Tarp,Sports & Recreation,FakeZenithStyle,465
Dog Leash,Health & Fitness,FakeZenithStyle,890
Monitor,Toys & Games,FakeVelvetVista,441
Volleyball,Electronics,FakeLuxeAura,698
Sled,Home Appliances,FakeLuxeAura,916
Binoculars,Electronics,FakeUrbanGlow,291
Keyboard,Arts & Crafts,FakeVelvetVista,774
Trekking Poles,Pets,FakeLuxeAura,368
Router,Home Appliances,FakeVelvetVista,153
Snowboard,Arts & Crafts,FakeEtherealEdge,817
Home Security Camera,Health & Fitness,FakeEtherealEdge,519
Binoculars,Electronics,FakeUrbanGlow,224
Building Blocks,Arts & Crafts,FakeZenithStyle,596
Antivirus,Pets,FakeZenithStyle,724
Fire Pit,Pets,FakeEtherealEdge,589
Trekking Poles,Home Appliances,FakeUrbanGlow,215
Cooler,Health & Fitness,FakeUrbanGlow,598
Dehumidifier,Outdoor & Garden,FakeEtherealEdge,420
Coffee Maker,Pets,FakeEtherealEdge,375
Home Security Camera,Kitchen & Dining,FakeVelvetVista,899
Drone,Electronics,FakeEtherealEdge,231
Ski Poles,Pets,FakeUrbanGlow,747
Tent,Toys & Games,FakeEtherealEdge,886
Vacuum Cleaner,Arts & Crafts,FakeLuxeAura,601
Router,Health & Fitness,FakeZenithStyle,346
Fish Food,Kitchen & Dining,FakeVelvetVista,299
Ski Goggles,Toys & Games,FakeVelvetVista,423
Smartwatch,Electronics,FakeLuxeAura,843
Patio Furniture,Electronics,FakeEtherealEdge,745
Lamp,Outdoor & Garden,FakeZenithStyle,962
Dumbbells,Toys & Games,FakeZenithStyle,992
Ski Poles,Pets,FakeUrbanGlow,802
Building Blocks,Sports & Recreation,FakeLuxeAura,573
Treadmill,Sports & Recreation,FakeLuxeAura,500
Suitcase,Pets,FakeEtherealEdge,706
Badminton Set,Outdoor & Garden,FakeLuxeAura,985
Tennis Racket,Home Appliances,FakeZenithStyle,596
Kayak,Electronics,FakeZenithStyle,874
Hair Dryer,Home & Furniture,FakeEtherealEdge,176
Bicycle,Home Appliances,FakeZenithStyle,865
Electric Scooter,Outdoor & Garden,FakeVelvetVista,473
Smart Light,Outdoor & Garden,FakeEtherealEdge,455
Sleeping Bag,Kitchen & Dining,FakeLuxeAura,501
Dog Collar,Outdoor & Garden,FakeZenithStyle,308
Badminton Set,Outdoor & Garden,FakeEtherealEdge,758
Sled,Outdoor & Garden,FakeLuxeAura,222
Helmet,Home & Furniture,FakeVelvetVista,936
Memory Card,Toys & Games,FakeLuxeAura,330
Portable Hard Drive,Arts & Crafts,FakeVelvetVista,615
Bird Cage,Sports & Recreation,FakeEtherealEdge,790
Wi-Fi Extender,Pets,FakeVelvetVista,573
Life Jacket,Arts & Crafts,FakeEtherealEdge,592
Backpacking Stove,Home & Furniture,FakeEtherealEdge,376
Volleyball,Home & Furniture,FakeZenithStyle,585
Bicycle,Arts & Crafts,FakeZenithStyle,723
Portable Charger,Home Appliances,FakeVelvetVista,611
Electric Toothbrush,Outdoor & Garden,FakeLuxeAura,592
Refrigerator,Health & Fitness,FakeZenithStyle,817
Thermos,Pets,FakeVelvetVista,173
Bicycle,Outdoor & Garden,FakeUrbanGlow,701
Flashlight,Health & Fitness,FakeVelvetVista,197
Water Bottle,Arts & Crafts,FakeUrbanGlow,751
Refrigerator,Sports & Recreation,FakeEtherealEdge,189
Building Blocks,Pets,FakeZenithStyle,712
Volleyball,Home & Furniture,FakeUrbanGlow,133
Fire Pit,Home & Furniture,FakeZenithStyle,313
Laptop,Home Appliances,FakeZenithStyle,842
Electric Toothbrush,Kitchen & Dining,FakeVelvetVista,857
Tennis Racket,Kitchen & Dining,FakeZenithStyle,827
Pet Feeder,Sports & Recreation,FakeEtherealEdge,932
Ski Goggles,Toys & Games,FakeEtherealEdge,379
Camping Tent,Arts & Crafts,FakeVelvetVista,437
Paddleboard,Kitchen & Dining,FakeLuxeAura,441
Patio Furniture,Toys & Games,FakeEtherealEdge,371
Air Purifier,Toys & Games,FakeUrbanGlow,368
Blender,Arts & Crafts,FakeZenithStyle,361
Smartphone,Electronics,FakeZenithStyle,730
Bed,Outdoor & Garden,FakeEtherealEdge,901
Tarp,Home Appliances,FakeLuxeAura,589
Rain Jacket,Toys & Games,FakeZenithStyle,992
Smartwatch,Sports & Recreation,FakeLuxeAura,492
Rain Jacket,Pets,FakeEtherealEdge,111
Showerhead,Electronics,FakeEtherealEdge,856
Pet Feeder,Electronics,FakeLuxeAura,766
Supplement,Home Appliances,FakeEtherealEdge,217
Bed,Kitchen & Dining,FakeEtherealEdge,431
Electric Kettle,Toys & Games,FakeLuxeAura,214
Headphones,Sports & Recreation,FakeZenithStyle,776
Thermos,Outdoor & Garden,FakeUrbanGlow,277
Vacuum Cleaner,Arts & Crafts,FakeEtherealEdge,706
Antivirus,Sports & Recreation,FakeUrbanGlow,948
Basketball,Kitchen & Dining,FakeEtherealEdge,213
Basketball,Outdoor & Garden,FakeUrbanGlow,386
Pet Toy,Home Appliances,FakeLuxeAura,243
Doll,Health & Fitness,FakeEtherealEdge,182
Doll,Outdoor & Garden,FakeLuxeAura,186
Patio Furniture,Outdoor & Garden,FakeLuxeAura,920
Electric Scooter,Home & Furniture,FakeZenithStyle,376
Drone,Home & Furniture,FakeVelvetVista,995
Sled,Home & Furniture,FakeVelvetVista,579
Snow Shovel,Pets,FakeVelvetVista,754
Electric Shaver,Health & Fitness,FakeZenithStyle,645
Garden Tools,Sports & Recreation,FakeUrbanGlow,256
Speaker,Outdoor & Garden,FakeVelvetVista,505
3D Printer,Health & Fitness,FakeEtherealEdge,113
Board Game,Home & Furniture,FakeVelvetVista,100
Pet Feeder,Pets,FakeLuxeAura,325
Bicycle,Health & Fitness,FakeEtherealEdge,472
Smartphone,Pets,FakeVelvetVista,633
Hiking Backpack,Electronics,FakeLuxeAura,942
Aquarium,Toys & Games,FakeUrbanGlow,675
Soap,Health & Fitness,FakeEtherealEdge,887
Wetsuit,Home & Furniture,FakeEtherealEdge,410
Lamp,Outdoor & Garden,FakeZenithStyle,121
Patio Furniture,Home & Furniture,FakeLuxeAura,725
Toothpaste,Arts & Crafts,FakeUrbanGlow,782
Dishwasher,Arts & Crafts,FakeZenithStyle,804
Paddleboard,Toys & Games,FakeEtherealEdge,375
Wetsuit,Kitchen & Dining,FakeLuxeAura,604
Hair Dryer,Home & Furniture,FakeUrbanGlow,582
Dumbbells,Sports & Recreation,FakeZenithStyle,665
3D Printer,Sports & Recreation,FakeUrbanGlow,224
Laptop,Toys & Games,FakeEtherealEdge,792
BBQ Grill,Kitchen & Dining,FakeVelvetVista,142
Ice Skates,Kitchen & Dining,FakeEtherealEdge,475
Laptop,Arts & Crafts,FakeVelvetVista,788
Fitness Tracker,Electronics,FakeZenithStyle,322
Garden Hose,Arts & Crafts,FakeEtherealEdge,121
Monitor,Health & Fitness,FakeLuxeAura,722
Treadmill,Sports & Recreation,FakeUrbanGlow,397
Fan,Home Appliances,FakeEtherealEdge,363
Suitcase,Home Appliances,FakeEtherealEdge,394
Suitcase,Pets,FakeVelvetVista,405
Dog House,Electronics,FakeUrbanGlow,348
Water Filter,Outdoor & Garden,FakeZenithStyle,302
Soccer Ball,Toys & Games,FakeUrbanGlow,583
Life Jacket,Outdoor & Garden,FakeUrbanGlow,231
Snorkel Gear,Outdoor & Garden,FakeEtherealEdge,866
Speaker,Electronics,FakeUrbanGlow,386
Snow Shovel,Home Appliances,FakeLuxeAura,602
Thermos,Health & Fitness,FakeEtherealEdge,220
Snorkel Gear,Health & Fitness,FakeVelvetVista,544
Ski Poles,Outdoor & Garden,FakeLuxeAura,711
Wi-Fi Extender,Health & Fitness,FakeUrbanGlow,527
Projector,Arts & Crafts,FakeVelvetVista,541
Plant Pot,Health & Fitness,FakeEtherealEdge,823
Elliptical,Pets,FakeEtherealEdge,703
Blender,Toys & Games,FakeZenithStyle,137
Craft Kit,Home & Furniture,FakeZenithStyle,124
Puzzle,Sports & Recreation,FakeEtherealEdge,204
Sheets,Arts & Crafts,FakeZenithStyle,333
Lawn Sprinkler,Home & Furniture,FakeZenithStyle,838
Dog House,Pets,FakeZenithStyle,175
Humidifier,Arts & Crafts,FakeZenithStyle,894
Cat Tree,Home & Furniture,FakeLuxeAura,891
Smartphone,Electronics,FakeEtherealEdge,535
Paddleboard,Outdoor & Garden,FakeVelvetVista,143
Cooler,Kitchen & Dining,FakeVelvetVista,509
Action Figure,Home Appliances,FakeVelvetVista,394
Fish Food,Home & Furniture,FakeEtherealEdge,959
Surfboard,Home Appliances,FakeZenithStyle,261
Washing Machine,Health & Fitness,FakeUrbanGlow,748
Garden Hose,Health & Fitness,FakeEtherealEdge,364
Pet Toy,Toys & Games,FakeEtherealEdge,832
Drone,Toys & Games,FakeVelvetVista,231
Sewing Machine,Home & Furniture,FakeEtherealEdge,350
Dumbbells,Sports & Recreation,FakeUrbanGlow,211
Life Jacket,Health & Fitness,FakeLuxeAura,192
Jacket,Health & Fitness,FakeZenithStyle,868
VR Headset,Kitchen & Dining,FakeEtherealEdge,531
Snorkel Gear,Sports & Recreation,FakeEtherealEdge,918
Volleyball,Pets,FakeLuxeAura,984
Game Console,Arts & Crafts,FakeUrbanGlow,981
Pet Feeder,Home Appliances,FakeEtherealEdge,264
Dishwasher,Electronics,FakeVelvetVista,144
Ice Skates,Health & Fitness,FakeUrbanGlow,462
Wi-Fi Extender,Arts & Crafts,FakeLuxeAura,489
Hair Dryer,Pets,FakeUrbanGlow,546
Ping Pong Table,Toys & Games,FakeEtherealEdge,391
Microwave,Home & Furniture,FakeVelvetVista,961
Robot Vacuum,Health & Fitness,FakeZenithStyle,417
Camera,Sports & Recreation,FakeZenithStyle,302
Snorkel Gear,Outdoor & Garden,FakeLuxeAura,645
Portable Hard Drive,Arts & Crafts,FakeUrbanGlow,706
Juicer,Toys & Games,FakeZenithStyle,240
Wi-Fi Extender,Home & Furniture,FakeEtherealEdge,964
Drone,Arts & Crafts,FakeVelvetVista,784
Coffee Maker,Outdoor & Garden,FakeZenithStyle,491
Dog House,Arts & Crafts,FakeEtherealEdge,561
Bicycle,Pets,FakeVelvetVista,695
Smart Light,Pets,FakeVelvetVista,470
Lamp,Toys & Games,FakeVelvetVista,811
Mattress,Arts & Crafts,FakeUrbanGlow,167
Sleeping Pad,Outdoor & Garden,FakeLuxeAura,464
Telescope,Arts & Crafts,FakeLuxeAura,790
Hiking Backpack,Home Appliances,FakeUrbanGlow,409
Telescope,Home Appliances,FakeEtherealEdge,182
Doll,Kitchen & Dining,FakeLuxeAura,796
Soap,Kitchen & Dining,FakeEtherealEdge,633
Wi-Fi Extender,Outdoor & Garden,FakeLuxeAura,294
Snorkel Gear,Health & Fitness,FakeUrbanGlow,398
Antivirus,Pets,FakeLuxeAura,482
Kayak,Home Appliances,FakeZenithStyle,827
Doll,Toys & Games,FakeLuxeAura,119
Golf Clubs,Electronics,FakeZenithStyle,241
Lawn Sprinkler,Health & Fitness,FakeVelvetVista,639
Soccer Ball,Kitchen & Dining,FakeEtherealEdge,699
Puzzle,Sports & Recreation,FakeLuxeAura,957
Lawn Mower,Sports & Recreation,FakeZenithStyle,815
Telescope,Kitchen & Dining,FakeLuxeAura,902
Elliptical,Toys & Games,FakeLuxeAura,901
Supplement,Health & Fitness,FakeEtherealEdge,953
Game Console,Pets,FakeUrbanGlow,775
Dart Board,Home Appliances,FakeZenithStyle,323
Jacket,Sports & Recreation,FakeZenithStyle,502
Speaker,Toys & Games,FakeUrbanGlow,486
Headphones,Electronics,FakeEtherealEdge,914
Home Security Camera,Electronics,FakeVelvetVista,988
Smartphone,Home Appliances,FakeLuxeAura,190
Power Bank,Home Appliances,FakeZenithStyle,457
Paddleboard,Health & Fitness,FakeLuxeAura,830
Tablet,Sports & Recreation,FakeLuxeAura,131
Sleeping Bag,Sports & Recreation,FakeEtherealEdge,937
Power Bank,Health & Fitness,FakeUrbanGlow,728
Jacket,Toys & Games,FakeEtherealEdge,518
Telescope,Toys & Games,FakeEtherealEdge,394
Power Bank,Pets,FakeEtherealEdge,928
Snorkel Gear,Electronics,FakeLuxeAura,912
Suitcase,Home & Furniture,FakeVelvetVista,567
Game Console,Home & Furniture,FakeUrbanGlow,474
Baseball Glove,Kitchen & Dining,FakeEtherealEdge,377
Coffee Maker,Arts & Crafts,FakeEtherealEdge,120
Baseball Glove,Toys & Games,FakeZenithStyle,943
Dart Board,Home Appliances,FakeUrbanGlow,401
Cat Litter Box,Pets,FakeEtherealEdge,389
Art Supplies,Pets,FakeEtherealEdge,431
Humidifier,Electronics,FakeVelvetVista,840
Dog Leash,Outdoor & Garden,FakeEtherealEdge,328
Humidifier,Kitchen & Dining,FakeLuxeAura,718
Electric Shaver,Toys & Games,FakeUrbanGlow,616
Vacuum Cleaner,Toys & Games,FakeVelvetVista,625
Electric Kettle,Electronics,FakeLuxeAura,193
Fishing Rod,Home & Furniture,FakeZenithStyle,327
Ping Pong Table,Outdoor & Garden,FakeVelvetVista,179
Hammock,Home Appliances,FakeZenithStyle,714
Memory Card,Electronics,FakeVelvetVista,267
Basketball,Health & Fitness,FakeUrbanGlow,399
Dehumidifier,Electronics,FakeUrbanGlow,150
Cat Litter Box,Arts & Crafts,FakeZenithStyle,130
Camping Chair,Home Appliances,FakeLuxeAura,694
Board Game,Pets,FakeVelvetVista,247
Garden Hose,Home Appliances,FakeLuxeAura,344
Bicycle,Outdoor & Garden,FakeEtherealEdge,440
Grill,Home Appliances,FakeUrbanGlow,198
Coffee Maker,Electronics,FakeZenithStyle,389
Outdoor Umbrella,Home Appliances,FakeEtherealEdge,299
VR Headset,Arts & Crafts,FakeVelvetVista,223
Fishing Rod,Home Appliances,FakeEtherealEdge,694
Helmet,Arts & Crafts,FakeZenithStyle,318
Water Bottle,Home & Furniture,FakeUrbanGlow,482
Dog House,Home Appliances,FakeVelvetVista,159
Aquarium,Toys & Games,FakeZenithStyle,348
Snowboard,Outdoor & Garden,FakeEtherealEdge,120
Outdoor Umbrella,Electronics,FakeEtherealEdge,346
Earbuds,Pets,FakeEtherealEdge,401
Bird Cage,Electronics,FakeLuxeAura,533
Microwave,Pets,FakeVelvetVista,321
Soccer Ball,Pets,FakeUrbanGlow,242
Electric Toothbrush,Health & Fitness,FakeLuxeAura,919
Hiking Boots,Sports & Recreation,FakeVelvetVista,399
Rain Jacket,Sports & Recreation,FakeUrbanGlow,292
Ice Skates,Arts & Crafts,FakeEtherealEdge,984
Bluetooth Speaker,Home & Furniture,FakeZenithStyle,907
Board Game,Home Appliances,FakeEtherealEdge,886
Hair Dryer,Pets,FakeEtherealEdge,410
Supplement,Toys & Games,FakeVelvetVista,346
Volleyball,Electronics,FakeEtherealEdge,766
Sewing Machine,Sports & Recreation,FakeZenithStyle,428
Soccer Ball,Kitchen & Dining,FakeEtherealEdge,385
Router,Health & Fitness,FakeUrbanGlow,458
Printer,Home Appliances,FakeLuxeAura,850
Sleeping Pad,Toys & Games,FakeLuxeAura,256
Surfboard,Electronics,FakeVelvetVista,173
Vacuum Cleaner,Arts & Crafts,FakeLuxeAura,843
Helmet,Home Appliances,FakeUrbanGlow,526
Smart Light,Sports & Recreation,FakeEtherealEdge,678
Soap,Arts & Crafts,FakeEtherealEdge,968
Dart Board,Arts & Crafts,FakeLuxeAura,729
Power Bank,Health & Fitness,FakeVelvetVista,908
Robot Vacuum,Arts & Crafts,FakeLuxeAura,488
Water Bottle,Health & Fitness,FakeLuxeAura,877
Tackle Box,Sports & Recreation,FakeEtherealEdge,165
Wetsuit,Toys & Games,FakeZenithStyle,369
Air Purifier,Home & Furniture,FakeLuxeAura,105
Router,Home Appliances,FakeVelvetVista,378
Snowboard,Electronics,FakeLuxeAura,608
Craft Kit,Toys & Games,FakeEtherealEdge,589
Fire Pit,Health & Fitness,FakeVelvetVista,744
Stove,Health & Fitness,FakeVelvetVista,580
Power Bank,Toys & Games,FakeVelvetVista,353
Garden Hose,Outdoor & Garden,FakeVelvetVista,788
Backpack,Sports & Recreation,FakeVelvetVista,429
Cooler,Arts & Crafts,FakeLuxeAura,534
Binoculars,Sports & Recreation,FakeZenithStyle,753
Cat Litter Box,Arts & Crafts,FakeVelvetVista,969
Game Console,Electronics,FakeVelvetVista,337
Toothpaste,Home Appliances,FakeVelvetVista,821
Cooler,Kitchen & Dining,FakeUrbanGlow,521
Smart Thermostat,Sports & Recreation,FakeUrbanGlow,311
Memory Card,Sports & Recreation,FakeUrbanGlow,363
Craft Kit,Home Appliances,FakeLuxeAura,931
Board Game,Toys & Games,FakeUrbanGlow,291
Game Console,Toys & Games,FakeUrbanGlow,193
Game Console,Arts & Crafts,FakeVelvetVista,879
Cat Litter Box,Pets,FakeLuxeAura,101
Showerhead,Toys & Games,FakeLuxeAura,580
Yoga Mat,Home Appliances,FakeLuxeAura,289
Dog Leash,Pets,FakeVelvetVista,496
Tarp,Health & Fitness,FakeUrbanGlow,222
Water Filter,Arts & Crafts,FakeZenithStyle,145
Soap,Electronics,FakeLuxeAura,975
Electric Toothbrush,Arts & Crafts,FakeEtherealEdge,760
Wetsuit,Kitchen & Dining,FakeLuxeAura,968
Refrigerator,Pets,FakeVelvetVista,539
Electric Car,Home Appliances,FakeZenithStyle,167
Snow Shovel,Electronics,FakeEtherealEdge,661
Sled,Arts & Crafts,FakeZenithStyle,982
Tablet,Home Appliances,FakeVelvetVista,454
Router,Health & Fitness,FakeVelvetVista,663
Garden Hose,Home Appliances,FakeZenithStyle,779
Sleeping Pad,Electronics,FakeZenithStyle,401
Electric Kettle,Health & Fitness,FakeLuxeAura,840
Blender,Arts & Crafts,FakeUrbanGlow,425
Bird Feeder,Home & Furniture,FakeEtherealEdge,746
Suitcase,Health & Fitness,FakeUrbanGlow,741
Toothpaste,Home & Furniture,FakeVelvetVista,672
Dart Board,Health & Fitness,FakeZenithStyle,598
Soap,Pets,FakeLuxeAura,914
Showerhead,Outdoor & Garden,FakeLuxeAura,870
Air Conditioner,Home Appliances,FakeUrbanGlow,935
Lamp,Arts & Crafts,FakeEtherealEdge,213
Water Filter,Home Appliances,FakeEtherealEdge,188
Tablet,Outdoor & Garden,FakeEtherealEdge,318
Pet Toy,Arts & Crafts,FakeUrbanGlow,341
Basketball,Arts & Crafts,FakeEtherealEdge,215
Fish Food,Toys & Games,FakeUrbanGlow,913
Baseball Glove,Home & Furniture,FakeVelvetVista,596
Wetsuit,Toys & Games,FakeUrbanGlow,499
Bird Feeder,Home Appliances,FakeEtherealEdge,292
Treadmill,Health & Fitness,FakeEtherealEdge,615
Robot Vacuum,Electronics,FakeLuxeAura,614
Dog House,Arts & Crafts,FakeUrbanGlow,119
Toy Car,Sports & Recreation,FakeZenithStyle,119
Coffee Maker,Home Appliances,FakeZenithStyle,565
Binoculars,Arts & Crafts,FakeUrbanGlow,737
Sewing Machine,Pets,FakeUrbanGlow,957
Sleeping Pad,Kitchen & Dining,FakeVelvetVista,899
Smartphone,Home Appliances,FakeUrbanGlow,954
Dog Collar,Home & Furniture,FakeLuxeAura,887
Building Blocks,Sports & Recreation,FakeZenithStyle,117
Humidifier,Arts & Crafts,FakeLuxeAura,750
Electric Shaver,Arts & Crafts,FakeLuxeAura,623
Glasses,Health & Fitness,FakeZenithStyle,200
Dart Board,Health & Fitness,FakeEtherealEdge,502
Backpack,Home Appliances,FakeVelvetVista,871
Golf Clubs,Kitchen & Dining,FakeUrbanGlow,893
Rain Jacket,Pets,FakeVelvetVista,558
Humidifier,Home Appliances,FakeEtherealEdge,994
Fan,Home & Furniture,FakeLuxeAura,595
Home Security Camera,Home Appliances,FakeUrbanGlow,103
Speaker,Sports & Recreation,FakeEtherealEdge,274
Earbuds,Pets,FakeUrbanGlow,241
Drone,Kitchen & Dining,FakeUrbanGlow,783
Hammock,Home Appliances,FakeZenithStyle,487
Snowboard,Health & Fitness,FakeLuxeAura,417
Pet Feeder,Outdoor & Garden,FakeUrbanGlow,548
Coffee Maker,Home & Furniture,FakeLuxeAura,496
Binoculars,Health & Fitness,FakeLuxeAura,443
Water Filter,Electronics,FakeLuxeAura,374
Bluetooth Speaker,Home & Furniture,FakeLuxeAura,840
Camping Tent,Home Appliances,FakeEtherealEdge,891
Water Bottle,Kitchen & Dining,FakeVelvetVista,785
Water Filter,Home & Furniture,FakeZenithStyle,1000
Rain Jacket,Toys & Games,FakeEtherealEdge,958
Bluetooth Speaker,Home & Furniture,FakeUrbanGlow,751
Bird Feeder,Pets,FakeEtherealEdge,668
Camera,Pets,FakeEtherealEdge,142
Smart Thermostat,Sports & Recreation,FakeUrbanGlow,611
Camping Chair,Arts & Crafts,FakeVelvetVista,651
Thermos,Toys & Games,FakeZenithStyle,208
Laptop,Sports & Recreation,FakeEtherealEdge,418
Patio Furniture,Health & Fitness,FakeEtherealEdge,131
Power Bank,Toys & Games,FakeZenithStyle,519
Aquarium,Arts & Crafts,FakeEtherealEdge,960
Tent,Kitchen & Dining,FakeZenithStyle,138
Washing Machine,Pets,FakeUrbanGlow,136
Stove,Arts & Crafts,FakeEtherealEdge,937
Treadmill,Home Appliances,FakeEtherealEdge,955
Sleeping Bag,Pets,FakeVelvetVista,493
Electric Kettle,Home & Furniture,FakeUrbanGlow,149
Outdoor Umbrella,Kitchen & Dining,FakeEtherealEdge,766
Lawn Mower,Home Appliances,FakeUrbanGlow,312
Bird Feeder,Health & Fitness,FakeZenithStyle,443
Hiking Boots,Sports & Recreation,FakeEtherealEdge,400
Router,Sports & Recreation,FakeEtherealEdge,295
Juicer,Kitchen & Dining,FakeEtherealEdge,208
Life Jacket,Kitchen & Dining,FakeUrbanGlow,539
Camping Tent,Health & Fitness,FakeUrbanGlow,645
Bird Feeder,Arts & Crafts,FakeUrbanGlow,876
Camping Chair,Pets,FakeLuxeAura,856
Outdoor Umbrella,Health & Fitness,FakeVelvetVista,242
Patio Furniture,Kitchen & Dining,FakeLuxeAura,111
Volleyball,Home Appliances,FakeZenithStyle,105
Basketball,Kitchen & Dining,FakeZenithStyle,201
Telescope,Home Appliances,FakeUrbanGlow,322
Board Game,Health & Fitness,FakeVelvetVista,140
Showerhead,Arts & Crafts,FakeLuxeAura,242
Ski Poles,Home Appliances,FakeVelvetVista,790
Craft Kit,Sports & Recreation,FakeUrbanGlow,864
Plant Pot,Home Appliances,FakeVelvetVista,279
Sled,Home Appliances,FakeVelvetVista,868
Home Security Camera,Home & Furniture,FakeEtherealEdge,109
Dumbbells,Electronics,FakeLuxeAura,431
Life Jacket,Home Appliances,FakeZenithStyle,602
Dart Board,Electronics,FakeVelvetVista,326
Patio Furniture,Kitchen & Dining,FakeLuxeAura,915
VR Headset,Sports & Recreation,FakeLuxeAura,757
Patio Furniture,Health & Fitness,FakeUrbanGlow,367
Water Bottle,Home Appliances,FakeUrbanGlow,831
Laptop,Pets,FakeLuxeAura,897
Coffee Maker,Toys & Games,FakeZenithStyle,620
Volleyball,Electronics,FakeEtherealEdge,946
Snow Shovel,Pets,FakeLuxeAura,591
Showerhead,Home & Furniture,FakeVelvetVista,807
Smartwatch,Kitchen & Dining,FakeLuxeAura,832
VR Headset,Toys & Games,FakeEtherealEdge,872
Suitcase,Sports & Recreation,FakeEtherealEdge,677
Wetsuit,Electronics,FakeLuxeAura,560
Garden Tools,Kitchen & Dining,FakeUrbanGlow,647
Headphones,Toys & Games,FakeEtherealEdge,102
Projector,Health & Fitness,FakeLuxeAura,289
Toy Car,Home Appliances,FakeEtherealEdge,527
Art Supplies,Pets,FakeUrbanGlow,607
Ski Goggles,Pets,FakeEtherealEdge,414
Dehumidifier,Health & Fitness,FakeEtherealEdge,993
Tablet,Sports & Recreation,FakeVelvetVista,286
Speaker,Pets,FakeEtherealEdge,401
Ping Pong Table,Pets,FakeEtherealEdge,724
Surfboard,Outdoor & Garden,FakeLuxeAura,785
Smart Doorbell,Electronics,FakeZenithStyle,757
Ski Poles,Electronics,FakeUrbanGlow,355
Sleeping Bag,Health & Fitness,FakeUrbanGlow,945
Sleeping Bag,Electronics,FakeEtherealEdge,807
Drone,Sports & Recreation,FakeLuxeAura,842
Printer,Outdoor & Garden,FakeEtherealEdge,909
Baseball Glove,Outdoor & Garden,FakeEtherealEdge,233
Basketball,Home & Furniture,FakeLuxeAura,919
Hammock,Arts & Crafts,FakeLuxeAura,792
Baseball Glove,Arts & Crafts,FakeUrbanGlow,982
Rain Jacket,Electronics,FakeLuxeAura,232
Thermos,Pets,FakeZenithStyle,257
Flashlight,Electronics,FakeEtherealEdge,536
Outdoor Umbrella,Kitchen & Dining,FakeZenithStyle,578
Golf Clubs,Pets,FakeEtherealEdge,952
Bird Feeder,Arts & Crafts,FakeEtherealEdge,782
Bicycle,Home Appliances,FakeLuxeAura,926
Smart Light,Sports & Recreation,FakeVelvetVista,921
Basketball,Health & Fitness,FakeVelvetVista,857
Lawn Sprinkler,Electronics,FakeUrbanGlow,893
Wi-Fi Extender,Outdoor & Garden,FakeVelvetVista,563
Smart Light,Toys & Games,FakeLuxeAura,553
Camping Tent,Kitchen & Dining,FakeLuxeAura,566
Supplement,Pets,FakeUrbanGlow,932
Hiking Backpack,Pets,FakeUrbanGlow,581
Speaker,Home & Furniture,FakeZenithStyle,540
Glasses,Kitchen & Dining,FakeZenithStyle,983
Supplement,Sports & Recreation,FakeLuxeAura,798
Hiking Backpack,Toys & Games,FakeUrbanGlow,502
Backpack,Electronics,FakeLuxeAura,800
Wetsuit,Outdoor & Garden,FakeVelvetVista,368
Aquarium,Arts & Crafts,FakeZenithStyle,161
Bicycle,Outdoor & Garden,FakeZenithStyle,549
Soccer Ball,Kitchen & Dining,FakeEtherealEdge,582
Hiking Backpack,Outdoor & Garden,FakeUrbanGlow,451
Backpacking Stove,Health & Fitness,FakeUrbanGlow,124
Doll,Electronics,FakeUrbanGlow,589
Thermos,Toys & Games,FakeZenithStyle,158
Smartwatch,Kitchen & Dining,FakeUrbanGlow,999
Smart Light,Pets,FakeEtherealEdge,502
Air Purifier,Home & Furniture,FakeUrbanGlow,324
Portable Charger,Electronics,FakeZenithStyle,693
Fire Pit,Pets,FakeZenithStyle,103
Kayak,Home Appliances,FakeEtherealEdge,813
Plant Pot,Toys & Games,FakeVelvetVista,251
Sled,Sports & Recreation,FakeVelvetVista,863
Wi-Fi Extender,Outdoor & Garden,FakeEtherealEdge,348
Craft Kit,Home Appliances,FakeVelvetVista,624
Sheets,Toys & Games,FakeVelvetVista,290
Lawn Mower,Health & Fitness,FakeZenithStyle,739
Basketball,Outdoor & Garden,FakeLuxeAura,663
Speaker,Home & Furniture,FakeEtherealEdge,525
Earbuds,Toys & Games,FakeUrbanGlow,786
Power Bank,Toys & Games,FakeZenithStyle,323
Power Bank,Kitchen & Dining,FakeZenithStyle,387
Baseball Glove,Arts & Crafts,FakeLuxeAura,904
Laser Printer,Kitchen & Dining,FakeUrbanGlow,277
Vacuum Cleaner,Kitchen & Dining,FakeEtherealEdge,615
Memory Card,Health & Fitness,FakeZenithStyle,397
Building Blocks,Home & Furniture,FakeVelvetVista,497
Dog Collar,Toys & Games,FakeVelvetVista,235
Bed,Health & Fitness,FakeZenithStyle,877
Printer,Home & Furniture,FakeEtherealEdge,394
Cooler,Outdoor & Garden,FakeLuxeAura,134
Washing Machine,Health & Fitness,FakeUrbanGlow,230
Air Purifier,Outdoor & Garden,FakeEtherealEdge,975
3D Printer,Health & Fitness,FakeUrbanGlow,397
Elliptical,Health & Fitness,FakeVelvetVista,142
Camping Chair,Health & Fitness,FakeLuxeAura,118
3D Printer,Arts & Crafts,FakeEtherealEdge,949
Mattress,Home & Furniture,FakeUrbanGlow,699
Tennis Racket,Toys & Games,FakeUrbanGlow,331
Air Conditioner,Sports & Recreation,FakeVelvetVista,934
Keyboard,Electronics,FakeVelvetVista,503
Binoculars,Home & Furniture,FakeEtherealEdge,549
Rain Jacket,Kitchen & Dining,FakeZenithStyle,171
Portable Charger,Pets,FakeEtherealEdge,711
Fishing Rod,Outdoor & Garden,FakeUrbanGlow,150
Pet Toy,Home Appliances,FakeLuxeAura,872
Bed,Home & Furniture,FakeEtherealEdge,438
Lawn Mower,Electronics,FakeLuxeAura,643
Snorkel Gear,Outdoor & Garden,FakeLuxeAura,939
Bicycle,Home Appliances,FakeUrbanGlow,535
Sheets,Health & Fitness,FakeLuxeAura,455
Treadmill,Pets,FakeLuxeAura,669
Bicycle,Electronics,FakeUrbanGlow,616
Pillow,Arts & Crafts,FakeLuxeAura,633
Ski Goggles,Kitchen & Dining,FakeLuxeAura,860
Dog Collar,Health & Fitness,FakeEtherealEdge,818
Pet Toy,Arts & Crafts,FakeUrbanGlow,845
BBQ Grill,Toys & Games,FakeLuxeAura,143
Rain Jacket,Electronics,FakeLuxeAura,835
Fire Pit,Home & Furniture,FakeVelvetVista,672
Dog House,Outdoor & Garden,FakeVelvetVista,359
Fire Pit,Health & Fitness,FakeEtherealEdge,926
Tablet,Kitchen & Dining,FakeUrbanGlow,131
Sewing Machine,Home & Furniture,FakeZenithStyle,117
Life Jacket,Health & Fitness,FakeLuxeAura,239
Treadmill,Health & Fitness,FakeUrbanGlow,299
Water Bottle,Electronics,FakeUrbanGlow,515
Tennis Racket,Arts & Crafts,FakeLuxeAura,197
Blender,Arts & Crafts,FakeUrbanGlow,249
Juicer,Health & Fitness,FakeUrbanGlow,534
Fishing Rod,Outdoor & Garden,FakeZenithStyle,745
Elliptical,Toys & Games,FakeLuxeAura,848
Tablet,Kitchen & Dining,FakeLuxeAura,180
Bluetooth Speaker,Outdoor & Garden,FakeLuxeAura,623
Antivirus,Health & Fitness,FakeLuxeAura,600
Juicer,Kitchen & Dining,FakeEtherealEdge,779
Bed,Health & Fitness,FakeEtherealEdge,355
Helmet,Kitchen & Dining,FakeUrbanGlow,172
Bird Feeder,Outdoor & Garden,FakeEtherealEdge,917
Aquarium,Electronics,FakeZenithStyle,543
Baseball Glove,Electronics,FakeVelvetVista,433
Camera,Electronics,FakeLuxeAura,647
Projector,Home Appliances,FakeZenithStyle,569
Suitcase,Sports & Recreation,FakeLuxeAura,154
Baseball Glove,Toys & Games,FakeLuxeAura,221
Vacuum Cleaner,Outdoor & Garden,FakeLuxeAura,129
Pillow,Outdoor & Garden,FakeLuxeAura,529
VR Headset,Outdoor & Garden,FakeUrbanGlow,418
Headphones,Pets,FakeEtherealEdge,669
Game Console,Electronics,FakeVelvetVista,207
Printer,Toys & Games,FakeEtherealEdge,479
Monitor,Home Appliances,FakeUrbanGlow,897
Headphones,Home Appliances,FakeUrbanGlow,882
Dumbbells,Outdoor & Garden,FakeZenithStyle,590
Lamp,Sports & Recreation,FakeEtherealEdge,297
Building Blocks,Kitchen & Dining,FakeLuxeAura,927
Hammock,Outdoor & Garden,FakeZenithStyle,427
Antivirus,Electronics,FakeUrbanGlow,111
Wi-Fi Extender,Home & Furniture,FakeEtherealEdge,461
Dumbbells,Pets,FakeEtherealEdge,453
Drone,Electronics,FakeVelvetVista,509
Wetsuit,Pets,FakeUrbanGlow,400
Cooler,Pets,FakeUrbanGlow,884
Robot Vacuum,Sports & Recreation,FakeZenithStyle,466
Ski Goggles,Sports & Recreation,FakeLuxeAura,424
Tennis Racket,Outdoor & Garden,FakeZenithStyle,984
Backpacking Stove,Pets,FakeLuxeAura,103
Pillow,Pets,FakeZenithStyle,538
Sleeping Bag,Health & Fitness,FakeZenithStyle,384
Snowboard,Home Appliances,FakeVelvetVista,188
Fish Food,Sports & Recreation,FakeLuxeAura,616
Laptop,Home Appliances,FakeUrbanGlow,264
Golf Clubs,Electronics,FakeEtherealEdge,253
Soccer Ball,Arts & Crafts,FakeVelvetVista,242
Smart Thermostat,Kitchen & Dining,FakeEtherealEdge,658
Oven,Home & Furniture,FakeZenithStyle,294
Vacuum Cleaner,Arts & Crafts,FakeVelvetVista,189
Camera,Outdoor & Garden,FakeVelvetVista,994
Juicer,Electronics,FakeEtherealEdge,245
Power Bank,Home & Furniture,FakeEtherealEdge,563
Snow Shovel,Electronics,FakeEtherealEdge,571
Snowboard,Sports & Recreation,FakeZenithStyle,166
Elliptical,Health & Fitness,FakeUrbanGlow,667
Binoculars,Sports & Recreation,FakeUrbanGlow,553
Monitor,Arts & Crafts,FakeZenithStyle,142
Dog Leash,Toys & Games,FakeZenithStyle,494
Microwave,Home & Furniture,FakeLuxeAura,1000
Dishwasher,Home Appliances,FakeLuxeAura,806
Tent,Kitchen & Dining,FakeLuxeAura,686
Toothpaste,Toys & Games,FakeLuxeAura,436
Puzzle,Kitchen & Dining,FakeVelvetVista,848
Refrigerator,Health & Fitness,FakeVelvetVista,504
Ice Skates,Outdoor & Garden,FakeUrbanGlow,160
Dog House,Home & Furniture,FakeVelvetVista,551
Water Bottle,Kitchen & Dining,FakeZenithStyle,836
Rain Jacket,Outdoor & Garden,FakeVelvetVista,433
Memory Card,Kitchen & Dining,FakeZenithStyle,512
Water Bottle,Toys & Games,FakeZenithStyle,746
Pillow,Home & Furniture,FakeVelvetVista,833
Oven,Pets,FakeEtherealEdge,278
Cat Tree,Toys & Games,FakeEtherealEdge,754
Hiking Boots,Pets,FakeVelvetVista,945
Wetsuit,Pets,FakeEtherealEdge,555
Power Bank,Electronics,FakeVelvetVista,562
Volleyball,Home Appliances,FakeZenithStyle,771
Dumbbells,Pets,FakeEtherealEdge,749
Fire Pit,Outdoor & Garden,FakeUrbanGlow,506
Electric Kettle,Home Appliances,FakeVelvetVista,800
Golf Clubs,Toys & Games,FakeVelvetVista,233
Backpack,Home & Furniture,FakeVelvetVista,659
Supplement,Pets,FakeUrbanGlow,421
Monitor,Home & Furniture,FakeUrbanGlow,952
Pet Carrier,Kitchen & Dining,FakeUrbanGlow,362
Fish Food,Electronics,FakeUrbanGlow,198
Surfboard,Toys & Games,FakeUrbanGlow,752
Pillow,Home Appliances,FakeUrbanGlow,471
Board Game,Health & Fitness,FakeZenithStyle,523
Camping Chair,Toys & Games,FakeEtherealEdge,853
Cooler,Pets,FakeVelvetVista,452
Air Conditioner,Pets,FakeEtherealEdge,637
Home Security Camera,Pets,FakeVelvetVista,913
Fitness Tracker,Home Appliances,FakeVelvetVista,156
Dishwasher,Health & Fitness,FakeEtherealEdge,573
Golf Clubs,Outdoor & Garden,FakeUrbanGlow,383
Bird Feeder,Electronics,FakeEtherealEdge,207
VR Headset,Kitchen & Dining,FakeVelvetVista,452
Bird Feeder,Home & Furniture,FakeEtherealEdge,675
Smart Doorbell,Sports & Recreation,FakeEtherealEdge,545
Volleyball,Arts & Crafts,FakeZenithStyle,133
Dart Board,Sports & Recreation,FakeUrbanGlow,995
Pet Feeder,Home Appliances,FakeZenithStyle,666
Board Game,Kitchen & Dining,FakeZenithStyle,301
Elliptical,Kitchen & Dining,FakeLuxeAura,499
Dart Board,Toys & Games,FakeUrbanGlow,136
Surfboard,Health & Fitness,FakeEtherealEdge,648
Tarp,Health & Fitness,FakeEtherealEdge,483
Snorkel Gear,Home & Furniture,FakeLuxeAura,267
Tent,Outdoor & Garden,FakeUrbanGlow,911
Smartwatch,Health & Fitness,FakeUrbanGlow,229
Golf Clubs,Pets,FakeZenithStyle,781
Aquarium,Electronics,FakeZenithStyle,424
Dart Board,Pets,FakeVelvetVista,747
Washing Machine,Pets,FakeZenithStyle,226
Sled,Health & Fitness,FakeUrbanGlow,686
Electric Scooter,Toys & Games,FakeEtherealEdge,543
Golf Clubs,Kitchen & Dining,FakeVelvetVista,595
Fire Pit,Electronics,FakeZenithStyle,713
Kayak,Sports & Recreation,FakeZenithStyle,913
Electric Toothbrush,Sports & Recreation,FakeLuxeAura,698
Trekking Poles,Sports & Recreation,FakeUrbanGlow,403
Power Bank,Toys & Games,FakeZenithStyle,712
Grill,Health & Fitness,FakeUrbanGlow,529
Air Conditioner,Electronics,FakeVelvetVista,502
Soap,Outdoor & Garden,FakeEtherealEdge,939
Snowboard,Home & Furniture,FakeLuxeAura,466
Home Security Camera,Pets,FakeZenithStyle,588
Cat Tree,Kitchen & Dining,FakeZenithStyle,857
Blender,Pets,FakeVelvetVista,901
Laser Printer,Electronics,FakeLuxeAura,555
Bluetooth Speaker,Arts & Crafts,FakeUrbanGlow,645
Puzzle,Kitchen & Dining,FakeLuxeAura,386
Telescope,Health & Fitness,FakeUrbanGlow,594
Wi-Fi Extender,Electronics,FakeZenithStyle,738
Lawn Sprinkler,Kitchen & Dining,FakeZenithStyle,314
Camera,Health & Fitness,FakeZenithStyle,287
Monitor,Arts & Crafts,FakeEtherealEdge,925
Camping Chair,Home Appliances,FakeUrbanGlow,631
Paddleboard,Kitchen & Dining,FakeZenithStyle,979
Hiking Backpack,Home & Furniture,FakeUrbanGlow,559
