StoreName,StoreType,StoreOpeningDate,Address,City,State,Country,Region,Manager Name
The Stylish Deals,Exclusive,2003-05-07,18657 Jason Gardens Suite 409 New Cynthia  DC 43682,Dianefurt,New Mexico,Burkina Faso,East,Tina
The Majestic Marketplace,SMB,2012-04-17,615 Logan Hill Gabrielaton  MP 83977,Hamptonfurt,Kentucky,Congo,South,Makayla
The Classy Closet,Exclusive,1982-06-12,535 Patrick Harbor Nancyshire  OH 91833,Smithport,California,Jordan,North,Tonya
The Rustic Perfection,Exclusive,1998-07-14,354 Darius Overpass Apt. 795 North Kevinmouth  MN 59750,New Randy,New York,Lao People's Democratic Republic,South,Rachel
The Golden Emporium,MBO,2016-05-18,17009 Adkins Island Haleshire  NC 65486,Espinozachester,Washington,French Southern Territories,North,Mark
The Artisan Closet,MBO,2000-03-15,1080 Nelson Overpass North Danielleberg  ID 11877,West Tyronetown,Rhode Island,Senegal,East,Jasmine
The Timeless Loft,Exclusive,1979-12-23,618 Daniel Pines Suite 805 Lake Patricia  SC 35089,Kevinburgh,Oregon,Portugal,North,John
The Stylish Hub,Exclusive,2007-11-29,1602 Christopher Springs Suite 887 North Amyview  AK 65981,Lake Baileyfurt,Florida,Korea,West,Jason
The Timeless Closet,Outlet Stores,1987-08-05,7441 Wilson Stream Suite 239 Claymouth  KY 93390,Lake Kevinside,South Dakota,Djibouti,North,Christine
The Chic Vault,MBO,1997-11-03,621 Young Prairie New Chelsea  UT 76830,Lake Christopher,Florida,Guam,North,David
The Purely Corner,Exclusive,1981-03-08,1119 Dale Land East Caseyville  NC 13408,North Alan,Rhode Island,Monaco,South,Jennifer
The Eclectic Loft,MBO,1978-10-23,853 Timothy Way Katherineburgh  HI 54001,Kennethview,Alaska,Costa Rica,West,Sherry
The Trendy Perfection,Outlet Stores,1996-06-22,61660 Baker Cliffs Suite 122 North Kayla  MS 28366,Josephville,Georgia,United States Minor Outlying Islands,North,Michael
The Radiant Shop,Exclusive,1995-07-23,9392 Perry Viaduct South Jonathanhaven  GA 02959,Angelland,New Jersey,Taiwan,West,Douglas
The Purely Oasis,MBO,1986-04-22,Unit 1310 Box 5293 DPO AA 41767,North Garyside,New Jersey,United Kingdom,West,Reginald
The Cozy Quest,MBO,2024-12-22,930 Guzman Prairie Apt. 601 East Michaelhaven  DC 38397,Amandamouth,Wisconsin,Armenia,South,Mary
The Rustic Oasis,MBO,1996-07-13,58383 Hobbs Groves Lake Michellemouth  ND 53516,New Kimberlyfort,Rhode Island,Korea,South,Amanda
The Polished Emporium,Exclusive,1993-07-12,9503 Molly Via Suite 911 East Ryan  NJ 06948,Jonesland,South Carolina,Anguilla,East,James
The Golden Boutique,MBO,2013-04-11,815 Jasmin Corners East John  LA 85549,North Micheleland,North Dakota,Cameroon,East,Larry
The Golden Boutique,SMB,1975-01-09,180 Camacho Divide East Matthew  MO 46651,Port Anthonybury,Illinois,Guinea-Bissau,South,Xavier
The Harmony Cabinet,MBO,1999-03-24,314 Sandoval Expressway New Matthewport  OR 55766,Riceshire,Alaska,Nicaragua,West,Vickie
The Dapper Finds,Exclusive,1990-02-02,752 Garcia Junction Apt. 240 North Michelleland  CT 28649,West Jerrymouth,Oklahoma,Palestinian Territory,South,Ryan
The Chic Treasures,SMB,1997-04-27,380 Sarah Expressway Wilsonside  OH 26058,Woodville,Indiana,Anguilla,East,Frank
The Serene Avenue,Exclusive,1992-12-14,52186 Jennifer Junction Apt. 511 Lake Jonhaven  VI 40595,Carterbury,North Carolina,Spain,North,Taylor
The Chic Treasures,Outlet Stores,1978-04-08,01223 Wagner Stream Frederickfort  WY 07240,Port Sethview,Ohio,Tajikistan,East,Christine
The Polished Sanctuary,Exclusive,1971-10-06,5354 Perez Isle North Williamborough  MO 28970,Wallview,New Mexico,Serbia,East,Christopher
The Harmony Haven,SMB,2008-05-31,1981 Smith Vista Fisherborough  MA 93796,Sandramouth,Arizona,Algeria,West,Lee
The Happy Creations,Exclusive,1977-01-09,PSC 2974  Box 9493 APO AP 31136,Port Carolstad,Georgia,Sao Tome and Principe,North,Charles
The Polished Marketplace,Outlet Stores,1996-05-18,9944 Woodard Common Suite 225 Port Jamie  MN 80289,Weeksland,Michigan,United States Minor Outlying Islands,South,Adam
The Happy Shop,SMB,2023-03-02,597 Robin Roads North Stephenborough  MO 55226,Bryanshire,Hawaii,Cocos (Keeling) Islands,North,Stacey
The Dapper Deals,SMB,1977-04-28,98823 Newton Fall Suite 111 North Donna  PW 01278,Lisaton,Pennsylvania,Saudi Arabia,South,Julie
The Chic Quest,Exclusive,1981-11-03,1084 Jason Turnpike Lake Tara  MP 96834,Malikberg,Idaho,Northern Mariana Islands,East,Lauren
The Happy Emporium,Outlet Stores,1984-09-19,89695 Eric Gardens New Charleshaven  MH 91205,East Cristian,New Jersey,Kyrgyz Republic,East,Jeffery
The Dapper Perfection,Outlet Stores,1989-03-06,1876 Lopez Mission Suite 181 Port Micheal  IL 09938,South Rita,Connecticut,Philippines,North,Amanda
The Whimsy Quest,SMB,2018-12-21,2720 Douglas Curve West Jamesberg  SD 84413,Lake Lisa,Rhode Island,Canada,East,Jessica
The Serene Creations,Outlet Stores,2012-07-06,291 John Trail West Richard  MS 44778,Lake Kathyport,Wyoming,Barbados,North,Ryan
The Harmony Deals,SMB,1985-12-14,4673 Johnson Forks South Josephbury  IL 77698,Floreston,Colorado,Mauritania,North,Samantha
The Shimmer Cabinet,Exclusive,2013-03-27,47633 Bender Shoal Maloneville  GA 84720,Andersonport,Pennsylvania,Netherlands,North,Joseph
The Elegant Enclave,Outlet Stores,2000-03-05,978 Garrett Passage Lake Christyside  MT 40730,South April,South Dakota,Tanzania,South,Dylan
The Purely Creations,SMB,2019-05-24,46838 Katherine Via Jeffreyville  DC 31253,Montgomeryside,Texas,United States Minor Outlying Islands,West,Melissa
The Vintage Deals,Outlet Stores,1998-10-19,523 Armstrong Ways Rossborough  CA 35687,South Rebeccaton,Indiana,Ukraine,East,Jamie
The Rustic Enclave,Outlet Stores,2021-12-07,1497 Kim Manors Matthewport  PR 58072,Nathanberg,New Mexico,Saint Pierre and Miquelon,South,Kirsten
The Artisan Elegance,Outlet Stores,1973-10-19,5584 Cesar Orchard Samanthatown  TN 41113,Shaunfurt,Hawaii,Cuba,East,Richard
The Stylish Enclave,Outlet Stores,1986-08-20,15473 Teresa Causeway South Carrieberg  IL 53970,Davisfurt,Maine,Andorra,South,Aaron
The Eclectic Boutique,Exclusive,1979-12-25,38607 Gross Trafficway South Catherinemouth  AL 98672,North Michaelmouth,South Dakota,Serbia,South,Kristie
The Luxe Nook,MBO,2023-04-14,242 James Pines Lake Donmouth  NE 26460,Fletchershire,Arkansas,Sweden,South,Diane
The Majestic Reflections,MBO,2014-02-18,223 Marvin View Suite 740 Maxwellfort  NC 86618,East Tommy,Florida,Barbados,South,Jessica
The Majestic Deals,MBO,2008-07-05,86610 Leblanc River Port Laurie  WI 37287,Armstrongport,Missouri,Timor-Leste,North,Reginald
The Urban Oasis,SMB,1989-09-24,4162 Mendez Wells West Brianna  WY 04805,Yatesborough,Washington,Reunion,North,Shane
The Stylish Reflections,SMB,1973-06-04,691 Timothy Mountains Suite 909 Johnland  OR 57249,Watsonfort,Nevada,Hong Kong,South,Monica
The Vintage Corner,MBO,1975-10-14,746 Pham Keys Thompsonburgh  CT 29279,Morganfurt,Louisiana,Senegal,West,Kimberly
The Whimsy Shop,Exclusive,1991-07-24,3670 Morales Motorway Grahamville  SC 40209,Claytonberg,Oregon,Namibia,North,Caitlyn
The Serene Finds,MBO,2022-08-12,556 Montgomery Expressway Evelyntown  MO 02836,South Benjamin,Maine,Tunisia,North,Aaron
The Eclectic Hub,Exclusive,1975-11-09,PSC 2009  Box 7005 APO AE 59574,Floresmouth,Alabama,Slovenia,East,Megan
The Cozy Deals,Outlet Stores,2019-02-25,481 Denise Ways West Angela  CA 23794,North Gloria,New Hampshire,Nepal,North,Robert
The Timeless Shoppe,MBO,2019-03-01,3778 Donovan Avenue Jackshire  OH 84570,Kaylaborough,Oklahoma,Chad,East,Omar
The Harmony Boutique,Outlet Stores,2007-06-14,4189 Hahn Fork Suite 838 Floresstad  VA 87720,East Richardview,Florida,Eritrea,West,Stephen
The Whimsy Deals,SMB,1974-11-30,0730 Christopher Inlet Suite 704 Lake Elizabethstad  MN 15177,South Tiffanybury,Massachusetts,Taiwan,North,Jeffery
The Trendy Perfection,Outlet Stores,1972-08-22,504 Brooks Parkway Suite 004 Ryanview  WA 02509,South Haileybury,Nevada,Cocos (Keeling) Islands,North,Vincent
The Vintage Perfection,Outlet Stores,1984-12-25,578 Gordon Orchard Wendyton  NV 94297,Pricemouth,Alabama,Guam,West,Sandy
The Purely Shop,Outlet Stores,1991-03-30,820 Evans Parks Suite 155 Jennifertown  LA 95784,Robertmouth,North Dakota,Mali,South,William
The Timeless Elegance,Outlet Stores,2016-02-01,142 Christopher Loaf Suite 678 West Rachelton  HI 49171,Wellston,Wisconsin,Monaco,West,Brandon
The Majestic Perfection,Outlet Stores,1982-05-11,193 Bishop Ville Suite 210 Kathleenton  WV 94982,Aprilport,Illinois,Sweden,South,Robert
The Luxe Finds,SMB,1977-02-25,48741 Sweeney Forks Apt. 697 New Glen  MA 67558,New Steven,Delaware,Belarus,North,Amy
The Unique Marketplace,SMB,1991-06-26,0652 Alexis Street Carsonmouth  NM 56583,Lake Charles,South Carolina,Ecuador,North,Joanne
The Urban Avenue,Outlet Stores,1980-07-13,979 Carpenter Camp Sarahtown  VT 07941,Raymondton,Washington,Mali,West,Thomas
The Luxe Deals,Outlet Stores,1994-01-19,4668 Liu Dale Apt. 408 Lake Denisefort  FL 19912,Mccarthyton,Colorado,Andorra,West,Matthew
The Vintage Sanctuary,SMB,2003-10-31,72826 Charles Streets Suite 387 South Codyhaven  VI 07731,Jacksonchester,California,Estonia,North,Wendy
The Classy Sanctuary,SMB,2011-10-12,118 Bartlett Glen Fitzpatrickside  TX 89188,West Annettechester,Missouri,Trinidad and Tobago,East,Dan
The Shimmer Merchant,SMB,2007-09-04,61523 James Port North Timothybury  MO 38239,Robertsside,Connecticut,India,East,Antonio
The Golden Hub,Outlet Stores,1977-05-17,Unit 6461 Box 9189 DPO AP 26893,Jonathanbury,Indiana,Paraguay,West,Michael
The Purely Shop,MBO,1991-09-13,137 Knight Isle Suite 751 Katherinefort  MI 01027,Karenfurt,Utah,Greece,West,Jennifer
The Luxe Quest,Exclusive,2005-12-01,86787 Ronald Roads Apt. 221 Fosterberg  MN 90951,Jonesberg,Maine,Slovenia,East,Holly
The Harmony Reflections,Exclusive,1983-02-27,49964 Rachel Run Suite 424 Lake Rebecca  NV 23439,Sanchezside,Wyoming,Mayotte,North,Dana
The Stylish Corner,Exclusive,1986-03-08,98378 Schneider Springs Hughesside  MA 48201,Lake Amanda,Maryland,Congo,East,Gregory
The Timeless Oasis,Outlet Stores,2018-09-17,92728 Linda Harbor East Mark  NY 87087,Reidside,Wyoming,Algeria,West,Gabriela
The Luxe Treasures,Exclusive,1971-03-01,USNS Fry FPO AE 95823,North Andrewmouth,Alaska,Azerbaijan,East,Tiffany
The Elegant Deals,MBO,2021-05-02,Unit 3329 Box 5967 DPO AP 47129,West Bryan,Delaware,Monaco,South,Erik
The Urban Cabinet,SMB,2010-09-02,69980 Weaver Burg Lake Debraland  FL 74925,Breannaton,Idaho,Myanmar,West,Heather
The Elegant Haven,SMB,1980-04-19,5681 Miller Plaza Suite 564 Ronaldhaven  CA 96965,Stephanieport,South Dakota,Ireland,South,Abigail
The Golden Vault,Outlet Stores,2022-02-27,747 Emily Manors Johnside  CO 22848,Williamtown,Maryland,Grenada,East,Tyler
The Polished Essentials,Outlet Stores,2012-01-01,USNS Cook FPO AE 54161,Michelleside,Oklahoma,United States Minor Outlying Islands,South,Kimberly
The Happy Avenue,MBO,2010-03-06,112 Fletcher Lakes Suite 490 New Paulaburgh  HI 63960,North Kristen,Virginia,Nauru,North,Angela
The Artisan Creations,Exclusive,2001-12-05,276 Rodney Via Howellport  IN 79909,Cameronfurt,Arkansas,Guatemala,North,Grace
The Cozy Shop,Outlet Stores,2001-04-08,1647 Sandra Summit East Richard  NC 22394,Larrystad,Oklahoma,Burundi,East,Jill
The Timeless Perfection,SMB,2006-07-04,3733 Lopez Forge Theodoretown  MN 37181,New Annette,Alabama,Syrian Arab Republic,South,Holly
The Timeless Loft,Outlet Stores,1975-06-04,41420 Matthew Dam Jadebury  FL 88595,Lake Brent,New York,Gabon,East,Tina
The Whimsy Vault,Outlet Stores,1984-07-10,6057 Terry Light Port Luis  PA 78381,Marshallchester,Alabama,Saint Helena,South,Rachel
The Whimsy Finds,SMB,2003-02-23,9336 Daniels Port Lake Gregoryville  IL 44941,Bartlettview,West Virginia,Guadeloupe,West,Eric
The Rustic Shop,SMB,2024-02-14,PSC 0807  Box 6231 APO AA 15764,Joelfort,Mississippi,Israel,West,Richard
The Radiant Emporium,Exclusive,2008-01-02,USNV Wright FPO AE 66666,North Rachelberg,South Dakota,South Africa,East,Tanner
The Whimsy Marvels,SMB,1996-07-14,833 Jamie Glens Apt. 963 Rickeychester  AR 66736,Port Kimberlyport,Maine,Madagascar,North,Ruth
The Luxe Boutique,Exclusive,1983-07-24,172 Kristen Street Apt. 313 Walkershire  FL 88559,West Seth,Montana,Belarus,West,Jacqueline
The Golden Merchant,Exclusive,1972-01-08,576 Heather Neck Lake Joshua  WV 63455,Evansshire,Arizona,Timor-Leste,West,Calvin
The Modern Oasis,MBO,2007-02-15,926 Johnson Falls Suite 455 Amyburgh  AS 49326,Walkerview,Alabama,Bahrain,North,Lisa
The Happy Haven,MBO,2004-10-22,9391 Brooks Mountains Apt. 312 Lake Michael  WV 99282,Lake Alan,Nevada,Rwanda,South,Terri
The Urban Deals,MBO,2000-12-16,60087 Jacob Station Apt. 910 Newtonview  PR 15515,Cervantesfort,New Jersey,Christmas Island,South,William
The Shimmer Reflections,MBO,1988-11-29,1756 Ricky Corner Apt. 350 Williamsstad  MA 33996,Port Chadburgh,North Carolina,Tajikistan,South,Jon
The Eclectic Deals,Exclusive,2017-11-14,22759 Cathy Island North Noah  NM 45312,Christinashire,Minnesota,United States Virgin Islands,North,Donald
The Majestic Quest,Exclusive,1986-11-23,PSC 8419  Box 2257 APO AP 74950,Mendozaburgh,New York,United States Virgin Islands,East,Samantha
